Name,Date,Location,Type,Region,Latitude,Longitude
Circa:Humans 2.0,2/15/2024 through 2/17/2024|Meany Center for the Performing Arts,2/15/2024 through 2/17/2024,Theatre,University District,,
Gage Alumni Show,Now through 1/28/2024|Fountainhead Gallery,Now through 1/28/2024,Visual Arts & Galleries,Queen Anne / Seattle Center,,
Wreckno,2/23/2024|The Showbox,2/23/2024,Music,Downtown,47.8460175,19.09874316108224
Not Available,with Palmer Anthony,share,Not Available,Not Available,8.8226416,4.974957
Not Available,Top Results,,Not Available,Not Available,,
Culture is Living,Ongoing|Burke Museum,Ongoing,Museums,University District,15.6719272,121.0857257
The Human Family,2/29/2024|LANGSTON Seattle,2/29/2024,Music,Capitol Hill / Central District,47.7808113,19.1292973
Rise Up: Stonewall and the LGBTQ Rights Movement,Ongoing|MoPOP Museum of Pop Culture,Ongoing,Museums,Queen Anne / Seattle Center,15.6719272,121.0857257
Art Walk Edmonds | Every Third Thursday,Ongoing|Cascadia Art Museum,Ongoing,Visual Arts & Galleries,North,15.6719272,121.0857257
Not Available,Top Results,,Not Available,Not Available,,
Not Available,Top Results,,Not Available,Not Available,,
Joe “Mr. D”  Dombrowski,2/10/2024|The Moore Theatre,2/10/2024,Theatre,Downtown,46.98492935,6.852323071619049
"Car, The Garden",1/29/2024|The Crocodile,1/29/2024,Music,Downtown,12.7735862,101.0683973
Hidden Worlds: The Films of LAIKA,Now through 8/31/2024|MoPOP Museum of Pop Culture,Now through 8/31/2024,Museums,Queen Anne / Seattle Center,,
Not Available,With HAARPER and  Germ,share,Not Available,Not Available,8.8226416,4.974957
Meet the Animals,Ongoing|Woodland Park Zoo,Ongoing,Museums,Wallingford / Greenlake,15.6719272,121.0857257
Jan Lisiecki Plays Prokofiev,6/6/2024 through 6/9/2024|Benaroya Hall,6/6/2024 through 6/9/2024,Music,Downtown,,
FRAKTURED: Home of the Broken Beat,1/31/2024|High Dive,1/31/2024,Music,Fremont / Ballard,48.933246,15.72334
Amazing Life,Ongoing|Burke Museum,Ongoing,Museums,University District,15.6719272,121.0857257
Metropolis,1/25/2024 through 1/27/2024|Benaroya Hall,1/25/2024 through 1/27/2024,Music,Downtown,,
Mother,5/17/2024|415 Westlake,5/17/2024,Music,Queen Anne / Seattle Center,,
2024 University of Washington MFA + MDes Thesis Exhibition,5/24/2024 through 6/30/2024|Henry Art Gallery,5/24/2024 through 6/30/2024,Museums,University District,,
Maritime Seattle,Ongoing|Museum of History & Industry,Ongoing,Museums,Queen Anne / Seattle Center,15.6719272,121.0857257
Harold and the Purple Crayon,3/23/2024 through 3/30/2024|Marion Oliver McCaw Hall,3/23/2024 through 3/30/2024,Dance,Queen Anne / Seattle Center,,
Seattle Kraken vs. Minnesota Wild,2/24/2024|Climate Pledge Arena,2/24/2024,Sports,Queen Anne / Seattle Center,47.5819462,19.0548965
Kenzan Tsutakawa-Chinn: Gather,Ongoing|Seattle Asian Art Museum,Ongoing,Museums,Capitol Hill / Central District,15.6719272,121.0857257
Not Available,Top Results,,Not Available,Not Available,,
Global Rhythms: Yungchen Lhamo,1/26/2024|Town Hall Seattle,1/26/2024,Music,Downtown,46.3911976,16.579662
"Wu Han, Philip Setzer & David Finckel",2/20/2024|Meany Center for the Performing Arts,2/20/2024,Music,University District,47.5825628,19.0550478
Steinunn Porarinsdottir: Wayfinders,Now through 1/28/2024|National Nordic Museum,Now through 1/28/2024,Museums,Fremont / Ballard,,
Not Available,Top Results,,Not Available,Not Available,,
Beetlejuice,4/2/2024 through 4/7/2024|The Paramount Theatre,4/2/2024 through 4/7/2024,Theatre,Downtown,,
Hunt for Sleeping Giants | National Geographic Live,2/25/2024 through 2/27/2024|Benaroya Hall,2/25/2024 through 2/27/2024,Readings & Lectures,Downtown,,
Eric Bellinger,2/8/2024|The Showbox,2/8/2024,Music,Downtown,47.846262949999996,19.099619263592235
Deities and Demons: Supernatural in Japanese Art,Ongoing|Seattle Art Museum,Ongoing,Museums,Downtown,15.6719272,121.0857257
Pioneer Square First Thursday Art Walk,Ongoing|Pioneer Square,Ongoing,Visual Arts & Galleries,Pioneer Square,15.6719272,121.0857257
Not Available,Not Available,Not Available,Not Available,Not Available,26.673956,-80.128403
Tamara Payne: The Life and Legacy of Malcolm X,2/7/2024|Town Hall Seattle,2/7/2024,Readings & Lectures,Downtown,,
Nobody Lives Here,Now through 3/17/2024|Wing Luke Museum,Now through 3/17/2024,Museums,International District,,
Baird’s beaked whale,Ongoing|Burke Museum,Ongoing,Museums,University District,15.6719272,121.0857257
Criminal,2/5/2024|The Moore Theatre,2/5/2024,Theatre,Downtown,46.84897075,6.715939496542806
Seattle Boat Show,2/2/2024 through 2/10/2024|Lumen Field,2/2/2024 through 2/10/2024,Festivals & Special Events,Pioneer Square,,
The Budos Band,1/27/2024|The Showbox,1/27/2024,Music,Downtown,-25.9579506,32.5619704
Shelf Nunny,1/26/2024|Barboza,1/26/2024,Music,Capitol Hill / Central District,46.3911976,16.579662
Meet our Marine Mammals,Ongoing|Seattle Aquarium,Ongoing,Museums,Downtown,15.6719272,121.0857257
EventSubmission,1. Submit easily via email,[email protected],Not Available,Not Available,,
Best of the Northwest Spring Show,4/13/2024 through 4/14/2024|Magnuson Park,4/13/2024 through 4/14/2024,Festivals & Special Events,University District,,
Northwest Native Art,Ongoing|Burke Museum,Ongoing,Museums,University District,15.6719272,121.0857257
Emerald City Comic Con,2/29/2024 through 3/3/2024|Seattle Convention Center,2/29/2024 through 3/3/2024,Festivals & Special Events,Downtown,,
Mahogany – smARTfilms: Black Luxury,2/20/2024|Bainbridge Island Museum of Art,2/20/2024,Film & Media Arts,West,47.5825628,19.0550478
Olivia Rodrigo,8/6/2024 through 8/7/2024|Climate Pledge Arena,8/6/2024 through 8/7/2024,Music,Queen Anne / Seattle Center,,
Explore The Market,Ongoing|Pike Place Market,Ongoing,Festivals & Special Events,Downtown,15.6719272,121.0857257
Underwater Dome,Ongoing|Seattle Aquarium,Ongoing,Museums,Downtown,15.6719272,121.0857257
Seattle Kraken vs. Nashville Predators,3/16/2024|Climate Pledge Arena,3/16/2024,Sports,Queen Anne / Seattle Center,,
Jazz is Dead: Blue Note 85,2/1/2024|The Neptune Theatre,2/1/2024,Music,University District,47.037631950000005,28.899229096666765
Reverberations: Contemporary Art and Modern Classics,Ongoing|Seattle Art Museum,Ongoing,Museums,Downtown,15.6719272,121.0857257
Not Available,with DMSR,share,Not Available,Not Available,8.8226416,4.974957
Lukas Nelson,2/20/2024|The Showbox,2/20/2024,Music,Downtown,47.5825628,19.0550478
Not Available,Top Results,,Not Available,Not Available,,
Dungeons and Drag Queens,1/26/2024|The Crocodile,1/26/2024,Theatre,Downtown,46.3911976,16.579662
Brazilian Carnaval 2024,2/10/2024|The Crocodile,2/10/2024,Music,Downtown,46.98492935,6.852323071619049
Metaphor into Form: Art in the Era of the Pilchuck Glass School,Ongoing|Tacoma Art Museum,Ongoing,Museums,South,15.6719272,121.0857257
LeMay – America’s Car Museum,Ongoing|LeMay - America's Car Museum,Ongoing,Museums,South,15.6719272,121.0857257
BabyTron,2/1/2024|The Showbox,2/1/2024,Music,Downtown,,
Memoir,2/2/2024|Benaroya Hall,2/2/2024,Music,Downtown,15.1918243,120.583768
An Evening with Tina Campt: Black Feminist Visual Culture,2/8/2024|Town Hall Seattle,2/8/2024,Readings & Lectures,Downtown,47.846262949999996,19.099619263592235
DRUM TAO 30th Anniversary,4/22/2024|Benaroya Hall,4/22/2024,Music,Downtown,,
"Be Water, My Friend: The Teachings Of Bruce Lee",Now through 7/28/2024|Wing Luke Museum,Now through 7/28/2024,Museums,International District,,
Colorworks,1/25/2024|Nectar Lounge,1/25/2024,Music,Fremont / Ballard,49.3840843,18.6000893
Jahari Stampley,1/30/2024 through 1/31/2024|Dimitriou's Jazz Alley,1/30/2024 through 1/31/2024,Music,Downtown,,
Scared to Death: The Thrill of Horror Film,Ongoing|MoPOP Museum of Pop Culture,Ongoing,Museums,Queen Anne / Seattle Center,15.6719272,121.0857257
Not Available,Top Results,,Not Available,Not Available,,
Emanuel Brown,1/25/2024|Chop Suey,1/25/2024,Music,Capitol Hill / Central District,49.3840843,18.6000893
Dan Brown Wild Symphony,2/24/2024|Benaroya Hall,2/24/2024,Music,Downtown,47.5819462,19.0548965
Born With Teeth,2/1/2024 through 2/25/2024|ArtsWest Playhouse and Gallery,2/1/2024 through 2/25/2024,Theatre,West Seattle,,
Not Available,with Mike Dillon & Punkadelick,share,Not Available,Not Available,8.8226416,4.974957
"Guma’ Gela:  Part Land, Part Sea, All Ancestry",Now through 5/12/2024|Wing Luke Museum,Now through 5/12/2024,Museums,International District,,
Not Available,Not Available,Not Available,Not Available,Not Available,26.673956,-80.128403
Rootabaga Country,3/8/2024 through 3/17/2024|Opera Center,3/8/2024 through 3/17/2024,Music,Queen Anne / Seattle Center,,
Native Portraiture: Power and Perception,Now through 3/17/2024|Tacoma Art Museum,Now through 3/17/2024,Museums,South,,
Compania Nacional de Danza,1/25/2024 through 1/27/2024|Meany Center for the Performing Arts,1/25/2024 through 1/27/2024,Dance,University District,,
The Human Family,1/27/2024|Opera Center,1/27/2024,Music,Queen Anne / Seattle Center,-25.9579506,32.5619704
"Once More, Just For You",2/5/2024 through 2/25/2024|Seattle Public Theater,2/5/2024 through 2/25/2024,Theatre,Wallingford / Greenlake,,
Not Available,Top Results,,Not Available,Not Available,,
Soja,2/6/2024|The Neptune Theatre,2/6/2024,Music,University District,,
Window on Washington Waters,Ongoing|Seattle Aquarium,Ongoing,Museums,Downtown,15.6719272,121.0857257
Lip Sync for Our Rights,6/22/2024 through 6/23/2024|Marion Oliver McCaw Hall,6/22/2024 through 6/23/2024,Music,Queen Anne / Seattle Center,,
West Seattle Farmers Market – Sundays,Ongoing|West Seattle Farmers Market,Ongoing,Festivals & Special Events,West Seattle,15.6719272,121.0857257
Eliades Ochoa,2/13/2024|The Moore Theatre,2/13/2024,Music,Downtown,47.846739,19.0992909
Honoring 50 Years of Papunya Tula Painting,Now through 4/14/2024|Seattle Art Museum,Now through 4/14/2024,Museums,Downtown,,
Art and Life Along the Northwest Coast,Ongoing|Seattle Art Museum,Ongoing,Museums,Downtown,15.6719272,121.0857257
Not Available,Not Available,Not Available,Not Available,Not Available,26.673956,-80.128403
Not Available,Not Available,Not Available,Not Available,Not Available,26.673956,-80.128403
The Percussion: Sounds from Home,4/12/2024 through 4/13/2024|Benaroya Hall,4/12/2024 through 4/13/2024,Music,Downtown,,
Tropical Pacific,Ongoing|Seattle Aquarium,Ongoing,Museums,Downtown,15.6719272,121.0857257
The Lower Depths,2/6/2024 through 2/24/2024|Erickson Theatre,2/6/2024 through 2/24/2024,Theatre,Capitol Hill / Central District,,
Aryana Leon,1/25/2024|Barboza,1/25/2024,Music,Capitol Hill / Central District,49.3840843,18.6000893
Northwest Flower & Garden Festival,2/14/2024 through 2/18/2024|Seattle Convention Center,2/14/2024 through 2/18/2024,Festivals & Special Events,Downtown,,
Not Available,Not Available,Not Available,Not Available,Not Available,26.673956,-80.128403
Not Available,Top Results,,Not Available,Not Available,,
Infinite Worlds of Science Fiction,Ongoing|MoPOP Museum of Pop Culture,Ongoing,Museums,Queen Anne / Seattle Center,15.6719272,121.0857257
Seattle Kraken vs. Montreal Canadiens,3/24/2024|Climate Pledge Arena,3/24/2024,Sports,Queen Anne / Seattle Center,,
Pacific Species,Ongoing|Seattle Art Museum,Ongoing,Museums,Downtown,15.6719272,121.0857257
Sergio Mendes,2/1/2024 through 2/4/2024|Dimitriou's Jazz Alley,2/1/2024 through 2/4/2024,Music,Downtown,,
Not Available,Top Results,,Not Available,Not Available,,
James Miles,1/25/2024|Town Hall Seattle,1/25/2024,Readings & Lectures,Downtown,49.3840843,18.6000893
Jessica Jackson Hutchins: Wrecked and Righteous,1/27/2024 through 5/5/2024|Frye Art Museum,1/27/2024 through 5/5/2024,Museums,Capitol Hill / Central District,,
Kazu Kibuishi with Donna Barba Higuera,2/6/2024|Town Hall Seattle,2/6/2024,Readings & Lectures,Downtown,47.84640885,19.09982796966179
Cambodian Cultural Museum and Killing Fields Memorial,Ongoing|Wing Luke Museum,Ongoing,Museums,International District,15.6719272,121.0857257
Seattle Kraken vs. Winnipeg Jets,3/8/2024|Climate Pledge Arena,3/8/2024,Sports,Queen Anne / Seattle Center,49.3840843,18.6000893
Small Island Big Song,2/24/2024|Meany Center for the Performing Arts,2/24/2024,Music,University District,47.5819462,19.0548965
Savor Seattle Signature Tour: Pike Place Market,Ongoing|Pike Place Market,Ongoing,Tours & Attractions,Downtown,15.6719272,121.0857257
Untold Stories: World War II at 75,Ongoing|The Museum of Flight,Ongoing,Museums,South Seattle,15.6719272,121.0857257
Great Hall of Washington History,Ongoing|Washington State History Museum,Ongoing,Museums,South,15.6719272,121.0857257
Bohemia,Now through 1/28/2024|The Triple Door,Now through 1/28/2024,Theatre,Downtown,,
Cheryl Wheeler,1/30/2024|The Triple Door,1/30/2024,Music,Downtown,49.3840843,18.6000893
Gov’t Mule,2/9/2024|The Moore Theatre,2/9/2024,Music,Downtown,47.78185805,19.126043836708632
Sanctuary City,3/1/2024 through 3/31/2024|Seattle Rep,3/1/2024 through 3/31/2024,Theatre,Queen Anne / Seattle Center,,
Positive Fragmentation,Now through 3/10/2024|Bellevue Arts Museum,Now through 3/10/2024,Museums,Bellevue / Eastside,,
Seattle Kraken vs. St. Louis Blues,1/26/2024|Climate Pledge Arena,1/26/2024,Sports,Queen Anne / Seattle Center,46.3911976,16.579662
Seattle Kraken vs. Dallas Stars,3/30/2024|Climate Pledge Arena,3/30/2024,Sports,Queen Anne / Seattle Center,49.3840843,18.6000893
Barber Violin Concerto,5/16/2024 through 5/18/2024|Benaroya Hall,5/16/2024 through 5/18/2024,Music,Downtown,,
Washington: My Home,Ongoing|Washington State History Museum,Ongoing,Museums,South,15.6719272,121.0857257
Not Available,with David Ardila,share,Not Available,Not Available,8.8226416,4.974957
Discover Ancient Coast Salish Culture,Ongoing|Hibulb Cultural Center,Ongoing,Museums,North,15.6719272,121.0857257
Quixote Nuevo,Now through 2/11/2024|Seattle Rep,Now through 2/11/2024,Theatre,Queen Anne / Seattle Center,,
Sophia Al-Maria,Now through 1/31/2024|Henry Art Gallery,Now through 1/31/2024,Museums,University District,,
Seattle Thunderbirds vs. Everett Silvertips,1/27/2024|accesso ShoWare Center,1/27/2024,Sports,South,-25.9579506,32.5619704
Chihuly Garden and Glass,Ongoing|Chihuly Garden and Glass,Ongoing,Museums,Queen Anne / Seattle Center,15.6719272,121.0857257
Guitar Gallery,Ongoing|MoPOP Museum of Pop Culture,Ongoing,Museums,Queen Anne / Seattle Center,15.6719272,121.0857257
Not Available,Top Results,,Not Available,Not Available,,
Antonio M. Gomez: LINEAJES,Now through 3/10/2024|Frye Art Museum,Now through 3/10/2024,Museums,Capitol Hill / Central District,,
Deb Perelman,1/25/2024|Town Hall Seattle,1/25/2024,Readings & Lectures,Downtown,49.3840843,18.6000893
Sensory-Friendly Programs,Ongoing|MoPOP Museum of Pop Culture,Ongoing,Festivals & Special Events,Queen Anne / Seattle Center,15.6719272,121.0857257
Madeline Pendleton,1/25/2024|Elliott Bay Book Company,1/25/2024,Readings & Lectures,Capitol Hill / Central District,49.3840843,18.6000893
Kent Stowell’s Swan Lake,2/2/2024 through 2/11/2024|Marion Oliver McCaw Hall,2/2/2024 through 2/11/2024,Dance,Queen Anne / Seattle Center,,
Randall Goosby Plays Mozart,2/8/2024 through 2/10/2024|Benaroya Hall,2/8/2024 through 2/10/2024,Music,Downtown,,
Seattle Kraken vs. Arizona Coyotes,4/9/2024|Climate Pledge Arena,4/9/2024,Sports,Queen Anne / Seattle Center,,
Tacoma Stars vs. San Diego Sockers,1/28/2024|accesso ShoWare Center,1/28/2024,Sports,South,36.2027849,5.430848386663834
A/political Rocks,Now through 1/31/2024|Henry Art Gallery,Now through 1/31/2024,Museums,University District,,
Not Available,Top Results,,Not Available,Not Available,,
Mayer Hawthorne,2/9/2024|The Neptune Theatre,2/9/2024,Music,University District,47.78185805,19.126043836708632
Kenny Barron Trio,2/6/2024 through 2/7/2024|Dimitriou's Jazz Alley,2/6/2024 through 2/7/2024,Music,Downtown,,
K. Wayne Yang,2/13/2024|Town Hall Seattle,2/13/2024,Readings & Lectures,Downtown,47.846739,19.0992909
Sibelius & Nielsen,3/14/2024 through 3/16/2024|Benaroya Hall,3/14/2024 through 3/16/2024,Music,Downtown,,
John Grade: Middle Fork,Ongoing|Seattle Art Museum,Ongoing,Museums,Downtown,15.6719272,121.0857257
Barry Can’t Swim,2/9/2024|Neumos,2/9/2024,Music,Capitol Hill / Central District,47.78185805,19.126043836708632
Not Available,Not Available,Not Available,Not Available,Not Available,26.673956,-80.128403
Unriveled,5/10/2024 through 6/2/2024|Seattle Public Theater,5/10/2024 through 6/2/2024,Theatre,Wallingford / Greenlake,,
Show Me Seattle Tours,"Ongoing|Seattle, WA",Ongoing,Tours & Attractions,Downtown,15.6719272,121.0857257
Not Available,Top Results,,Not Available,Not Available,,
Not Available,"with Zen Selekta, So Sus",share,Not Available,Not Available,8.8226416,4.974957
Places to Call Home: Settlements in the West,Now through 3/17/2024|Tacoma Art Museum,Now through 3/17/2024,Museums,South,,
Calidore Quartet & Abeo Quartet,3/8/2024|415 Westlake,3/8/2024,Music,Queen Anne / Seattle Center,49.3840843,18.6000893
Seattle Kraken vs. Detroit Red Wings,2/19/2024|Climate Pledge Arena,2/19/2024,Sports,Queen Anne / Seattle Center,47.9111011,18.796463
Luchadora!,2/22/2024 through 3/10/2024|Seattle Children's Theatre,2/22/2024 through 3/10/2024,Theatre,Queen Anne / Seattle Center,,
Nora En Pure,2/2/2024|Showbox SoDo,2/2/2024,Music,Pioneer Square,15.1918243,120.583768
Fossils Uncovered,Ongoing|Burke Museum,Ongoing,Museums,University District,15.6719272,121.0857257
Nordic Utopia: African Americans in the 20th Century,3/22/2024 through 7/21/2024|National Nordic Museum,3/22/2024 through 7/21/2024,Museums,Fremont / Ballard,,
Not Available,Not Available,Not Available,Not Available,Not Available,26.673956,-80.128403
Not Available,Top Results,,Not Available,Not Available,,
Be/longing: Contemporary Asian Art,Ongoing|Seattle Asian Art Museum,Ongoing,Museums,Capitol Hill / Central District,15.6719272,121.0857257
Company,6/23/2024 through 6/28/2024|The Paramount Theatre,6/23/2024 through 6/28/2024,Music,Downtown,,
Seattle Museum Month,2/1/2024 through 2/29/2024|Downtown Seattle,2/1/2024 through 2/29/2024,Museums,Downtown,,
Capitol Hill Farmers Market – Sunday,Ongoing|Capitol Hill Farmers Market,Ongoing,Festivals & Special Events,Capitol Hill / Central District,15.6719272,121.0857257
Opera Talk: The Making of X,2/23/2024|Opera Center,2/23/2024,Readings & Lectures,Queen Anne / Seattle Center,47.8460175,19.09874316108224
Soren Solkaer: Sort Sol,Now through 3/10/2024|National Nordic Museum,Now through 3/10/2024,Museums,Fremont / Ballard,,
Not Available,Not Available,Not Available,Not Available,Not Available,26.673956,-80.128403
Giant Pacific Octopus,Ongoing|Seattle Aquarium,Ongoing,Museums,Downtown,15.6719272,121.0857257
X:The Life and Times of Malcolm X,2/24/2024 through 3/9/2024|Marion Oliver McCaw Hall,2/24/2024 through 3/9/2024,Music,Queen Anne / Seattle Center,,
The Princess Bride in Concert with the Seattle Symphony,2/14/2024 through 2/18/2024|Benaroya Hall,2/14/2024 through 2/18/2024,Music,Downtown,,
Fremont Sunday Market,Ongoing|Fremont Farmers Market,Ongoing,Festivals & Special Events,Fremont / Ballard,15.6719272,121.0857257
Antarctic Symphony,4/25/2024 through 4/28/2024|Benaroya Hall,4/25/2024 through 4/28/2024,Music,Downtown,,
Mahler Symphony No. 3,4/11/2024 through 4/14/2024|Benaroya Hall,4/11/2024 through 4/14/2024,Music,Downtown,,
Randy Rainbow for President,2/3/2024|The Paramount Theatre,2/3/2024,Theatre,Downtown,47.7827245,19.125393278504678
La Vaughn Belle: A History of Unruly Returns,Now through 4/7/2024|National Nordic Museum,Now through 4/7/2024,Museums,Fremont / Ballard,,
Seattle Kraken vs. Pittsburgh Penguins,2/29/2024|Climate Pledge Arena,2/29/2024,Sports,Queen Anne / Seattle Center,47.7808113,19.1292973
Not Available,Top Results,,Not Available,Not Available,,
The Untold Story of Sharks | National Geographic Live,5/12/2024 through 5/14/2024|Benaroya Hall,5/12/2024 through 5/14/2024,Readings & Lectures,Downtown,,
Not Available,Top Results,,Not Available,Not Available,,
American Art: The Stories We Carry,Ongoing|Seattle Art Museum,Ongoing,Museums,Downtown,15.6719272,121.0857257
The Winds: Medley of Emotions,2/2/2024 through 2/3/2024|Benaroya Hall,2/2/2024 through 2/3/2024,Music,Downtown,,
Illuminate: Glass Art for Early Learners,Now through 3/31/2024|Museum of Glass,Now through 3/31/2024,Museums,South,,
The Delta Bombers,2/3/2024|El Corazon,2/3/2024,Music,Downtown,47.7827245,19.125393278504678
Not Available,Top Results,,Not Available,Not Available,,
Scott Bradlee’s Postmodern Jukebox,2/11/2024|The Paramount Theatre,2/11/2024,Music,Downtown,,
Not Available,Top Results,,Not Available,Not Available,,
Seattle Kraken vs. Edmonton Oilers,3/2/2024|Climate Pledge Arena,3/2/2024,Sports,Queen Anne / Seattle Center,47.7827245,19.125393278504678
Not Available,Top Results,,Not Available,Not Available,,
The Temptations &  The Four Tops,2/10/2024|The Paramount Theatre,2/10/2024,Music,Downtown,46.98492935,6.852323071619049
Family Day with Birds Connect Seattle,1/28/2024|National Nordic Museum,1/28/2024,Museums,Fremont / Ballard,36.2027849,5.430848386663834
Seattle Kraken vs. Anaheim Ducks,3/26/2024|Climate Pledge Arena,3/26/2024,Sports,Queen Anne / Seattle Center,49.3840843,18.6000893
Honoring Our Journey,Ongoing|Wing Luke Museum,Ongoing,Museums,International District,15.6719272,121.0857257
Taylor Raven and Duke Kim in Recital,4/4/2024|Opera Center,4/4/2024,Music,Queen Anne / Seattle Center,46.9853315,28.8216175
From Mozart to Matthews,2/20/2024|Benaroya Hall,2/20/2024,Music,Downtown,47.5825628,19.0550478
Simon Trpceski Plays Tchaikovsky,3/21/2024 through 3/24/2024|Benaroya Hall,3/21/2024 through 3/24/2024,Music,Downtown,,
Frye Salon,Now through 10/27/2024|Frye Art Museum,Now through 10/27/2024,Museums,Capitol Hill / Central District,,
Kelly Akashi,Now through 2/24/2024|Henry Art Gallery,Now through 2/24/2024,Museums,University District,,
Spotlight on Dale Chihuly: Works from Museum of Glass Permanent Collection,Ongoing|Museum of Glass,Ongoing,Museums,South,15.6719272,121.0857257
Seattle Kraken vs. Anaheim Ducks,3/28/2024|Climate Pledge Arena,3/28/2024,Sports,Queen Anne / Seattle Center,49.3840843,18.6000893
Los Lobos,1/31/2024|The Triple Door,1/31/2024,Music,Downtown,48.933246,15.72334
Maddie Zahm,2/15/2024|The Neptune Theatre,2/15/2024,Music,University District,47.84663065,19.09932921724954
Seattle Kraken vs. Buffalo Sabres,3/18/2024|Climate Pledge Arena,3/18/2024,Sports,Queen Anne / Seattle Center,47.0679497,28.1793269332083
Seattle Kraken vs. Washington Capitals,3/14/2024|Climate Pledge Arena,3/14/2024,Sports,Queen Anne / Seattle Center,47.067162999999994,28.178968694201366
SeattleEvents,Super Diamond – The Neil Diamond Tribute Band,,Not Available,Not Available,,
The Lion Tells His Tale,5/1/2024 through 5/5/2024|Broadway Performance Hall,5/1/2024 through 5/5/2024,Theatre,Capitol Hill / Central District,,
Copland Appalachian Spring,4/4/2024 through 4/6/2024|Benaroya Hall,4/4/2024 through 4/6/2024,Music,Downtown,,
Boundless: Stories of Asian Art,Ongoing|Seattle Asian Art Museum,Ongoing,Museums,Capitol Hill / Central District,15.6719272,121.0857257
Disney’s Aladdin,4/24/2024 through 4/28/2024|The Paramount Theatre,4/24/2024 through 4/28/2024,Theatre,Downtown,,
Helene Grimaud,3/9/2024|Meany Center for the Performing Arts,3/9/2024,Music,University District,49.3840843,18.6000893
Not Available,Top Results,,Not Available,Not Available,,
Super Diamond – The Neil Diamond Tribute Band,1/26/2024|The Showbox,1/26/2024,Music,Downtown,46.3911976,16.579662
Seattle Thunderbirds vs. Prince George Cougars,1/30/2024|accesso ShoWare Center,1/30/2024,Sports,South,49.3840843,18.6000893
The Thorn,2/8/2024 through 2/9/2024|The Paramount Theatre,2/8/2024 through 2/9/2024,Theatre,Downtown,,
One Thousand Pieces,3/15/2024 through 3/24/2024|Marion Oliver McCaw Hall,3/15/2024 through 3/24/2024,Dance,Queen Anne / Seattle Center,,
Art and Transformation,2/8/2024|Bainbridge Island Museum of Art,2/8/2024,Readings & Lectures,West,47.846262949999996,19.099619263592235
Tacoma Stars vs. Monterrey Flash,2/2/2024|accesso ShoWare Center,2/2/2024,Sports,South,15.1918243,120.583768
Tourist and Amtrac,2/11/2024|The Showbox,2/11/2024,Music,Downtown,47.80408585,19.00216942185292
Dvorak Symphony No. 6,4/18/2024 through 4/20/2024|Benaroya Hall,4/18/2024 through 4/20/2024,Music,Downtown,,
Art by Design,2/9/2024 through 2/10/2024|Seattle Design Center,2/9/2024 through 2/10/2024,Visual Arts & Galleries,Downtown,,
Mister Blank,2/8/2024|Nectar Lounge,2/8/2024,Music,Fremont / Ballard,47.846262949999996,19.099619263592235
The Moors,3/22/2024 through 4/14/2024|Seattle Public Theater,3/22/2024 through 4/14/2024,Theatre,Wallingford / Greenlake,,
The Disorderlies,1/26/2024|Slim's Last Chance,1/26/2024,Music,South Seattle,46.3911976,16.579662
Wintergrass Music Festival,2/22/2024 through 2/25/2024|Hyatt Regency Bellevue,2/22/2024 through 2/25/2024,Festivals & Special Events,Bellevue / Eastside,,
Not Available,Top Results,,Not Available,Not Available,,
True Northwest: The Seattle Journey,Ongoing|Museum of History & Industry,Ongoing,Museums,Queen Anne / Seattle Center,15.6719272,121.0857257
Love at the Zoo,2/10/2024 through 2/11/2024|Point Defiance Zoo and Aquarium,2/10/2024 through 2/11/2024,Festivals & Special Events,South,,
Spring Awakening,6/7/2024 through 6/30/2024|The 5th Avenue Theatre,6/7/2024 through 6/30/2024,Theatre,Downtown,,
Seattle Kraken vs. Vegas Golden Knights,3/12/2024|Climate Pledge Arena,3/12/2024,Sports,Queen Anne / Seattle Center,47.8208017,19.0414242
Tacoma Stars vs. Chihuahua Savage,3/15/2024 through 3/16/2024|accesso ShoWare Center,3/15/2024 through 3/16/2024,Sports,South,,
Andy Coe Band,1/26/2024 through 1/27/2024|Nectar Lounge,1/26/2024 through 1/27/2024,Music,Fremont / Ballard,,
Not Available,Not Available,Not Available,Not Available,Not Available,26.673956,-80.128403
On Native Land: Landscapes from the Haub Family Collection,Now through 11/17/2024|Tacoma Art Museum,Now through 11/17/2024,Museums,South,,
Pakt,2/1/2024|Funhouse,2/1/2024,Music,Capitol Hill / Central District,47.037631950000005,28.899229096666765
Dark Star Orchestra,2/9/2024|The Showbox,2/9/2024,Music,Downtown,47.78185805,19.126043836708632
REMEMBRANCE: The Legacy of Executive Order 9066 in Washington State,Ongoing|Washington State History Museum,Ongoing,Museums,South,15.6719272,121.0857257
Chase Rice,2/10/2024|Showbox SoDo,2/10/2024,Music,Pioneer Square,46.98492935,6.852323071619049
Broadway Spectacular,5/4/2024|Cornish Playhouse at Seattle Center,5/4/2024,Music,Queen Anne / Seattle Center,,
Not Available,Not Available,Not Available,Not Available,Not Available,26.673956,-80.128403
Washi Transformed New Expressions in Japanese Paper,2/2/2024 through 4/26/2026|Bellevue Arts Museum,2/2/2024 through 4/26/2026,Museums,Bellevue / Eastside,,
Seattle Kraken vs. Columbus Blue Jackets,1/28/2024|Climate Pledge Arena,1/28/2024,Sports,Queen Anne / Seattle Center,36.2027849,5.430848386663834
Science Fiction and Fantasy Hall of Fame,Ongoing|MoPOP Museum of Pop Culture,Ongoing,Museums,Queen Anne / Seattle Center,15.6719272,121.0857257
OBOE / OBOE,2/9/2024|415 Westlake,2/9/2024,Music,Queen Anne / Seattle Center,47.78185805,19.126043836708632
Not Available,Top Results,,Not Available,Not Available,,
Calendar,Not Available,Not Available,Not Available,Not Available,26.673956,-80.128403
Elizabeth Malaska: All Be Your Mirror,Now through 6/16/2024|Seattle Art Museum,Now through 6/16/2024,Museums,Downtown,,
October London,1/25/2024|The Showbox,1/25/2024,Music,Downtown,49.3840843,18.6000893
Jaha Koo: The History of Korean Western Theatre,2/1/2024 through 2/3/2024|On The Boards,2/1/2024 through 2/3/2024,Theatre,Queen Anne / Seattle Center,,
Stew,3/15/2024 through 3/31/2024|ACT Theatre,3/15/2024 through 3/31/2024,Theatre,Downtown,,
Neck Deep,2/5/2024|Showbox SoDo,2/5/2024,Music,Pioneer Square,46.84897075,6.715939496542806
Futurebirds and Nude Party,2/8/2024|The Neptune Theatre,2/8/2024,Music,University District,47.846262949999996,19.099619263592235
Raul de Nieves,Now through 9/30/2024|Henry Art Gallery,Now through 9/30/2024,Museums,University District,,
Side-by-Side with Seattle Youth Symphony Orchestra,2/21/2024|Benaroya Hall,2/21/2024,Music,Downtown,47.8461099,19.098902149999994
Tacoma Stars vs. Harrisburg Heat,3/3/2024|accesso ShoWare Center,3/3/2024,Music,South,47.0400777,28.8885644
Not Available,Top Results,,Not Available,Not Available,,
75 Years of Porsche,Ongoing|LeMay - America's Car Museum,Ongoing,Museums,South,15.6719272,121.0857257
JP Saxe,1/31/2024|The Showbox,1/31/2024,Music,Downtown,48.933246,15.72334
Night Lovell,2/6/2024|The Showbox,2/6/2024,Music,Downtown,47.84640885,19.09982796966179
Giantish,1/30/2024|High Dive,1/30/2024,Music,Fremont / Ballard,49.3840843,18.6000893
"Together Again, Again!",5/31/2024 through 6/23/2024|Seattle Rep,5/31/2024 through 6/23/2024,Theatre,Queen Anne / Seattle Center,,
Not Available,Top Results,,Not Available,Not Available,,
The Barber of Seville,5/4/2024 through 5/24/2024|Marion Oliver McCaw Hall,5/4/2024 through 5/24/2024,Music,Queen Anne / Seattle Center,,
George Balenchine’s Coppelia,5/31/2024 through 6/9/2024|Marion Oliver McCaw Hall,5/31/2024 through 6/9/2024,Dance,Queen Anne / Seattle Center,,
Clue,7/9/2024 through 7/21/2024|The 5th Avenue Theatre,7/9/2024 through 7/21/2024,Theatre,Downtown,,
Cory Wong Winter 2024 Tour,2/16/2024|The Paramount Theatre,2/16/2024,Music,Downtown,47.5838592,19.0586465
Winter Brilliance,Now through 2/29/2024|Chihuly Garden and Glass,Now through 2/29/2024,Museums,Queen Anne / Seattle Center,,
Winter in the West,Ongoing|Tacoma Art Museum,Ongoing,Museums,South,15.6719272,121.0857257
Not Available,Top Results,,Not Available,Not Available,,
The Lehman Trilogy,4/26/2024 through 5/12/2024|ACT Theatre,4/26/2024 through 5/12/2024,Theatre,Downtown,,
Not Available,Not Available,Not Available,Not Available,Not Available,26.673956,-80.128403
Noah Geller’s Playlist,5/3/2024 through 5/4/2024|Benaroya Hall,5/3/2024 through 5/4/2024,Music,Downtown,,
Harlem Globetrotters 2024 World Tour –,1/26/2024|accesso ShoWare Center,1/26/2024,Sports,South,46.3911976,16.579662
"Meet the Author: Maggie Taft, The Chieftain and the Chair",2/18/2024|National Nordic Museum,2/18/2024,Museums,Fremont / Ballard,47.5881814,19.0517333
Bach St. John Passion,3/7/2024 through 3/9/2024|Benaroya Hall,3/7/2024 through 3/9/2024,Music,Downtown,,
Not Available,with Justin Nozuka,share,Not Available,Not Available,8.8226416,4.974957
Not Available,With The Paranoyds,share,Not Available,Not Available,8.8226416,4.974957
Not Available,Top Results,,Not Available,Not Available,,
Lil Skies,2/4/2024|The Showbox,2/4/2024,Music,Downtown,47.82057035,18.863271509638494
Mark Morris Dance Group: The Look of Love,3/14/2024 through 3/16/2024|Meany Center for the Performing Arts,3/14/2024 through 3/16/2024,Music,University District,,
Not Available,Not Available,Not Available,Not Available,Not Available,26.673956,-80.128403
The Kills,2/7/2024|Showbox SoDo,2/7/2024,Music,Pioneer Square,47.782968,19.1249627
Seattle Kraken vs. Boston Bruins,2/26/2024|Climate Pledge Arena,2/26/2024,Sports,Queen Anne / Seattle Center,47.5851747,19.0545453
Not Available,Top Results,,Not Available,Not Available,,
Wild Cats Revealed | National Geographic Live,3/10/2024 through 3/12/2024|Benaroya Hall,3/10/2024 through 3/12/2024,Readings & Lectures,Downtown,,
Michelle Cann,2/1/2024|Meany Center for the Performing Arts,2/1/2024,Music,University District,47.037631950000005,28.899229096666765
Seattle Kraken vs. Vancouver Canucks,2/22/2024|Climate Pledge Arena,2/22/2024,Sports,Queen Anne / Seattle Center,47.783460950000006,19.12402103179025
Bezos Center for Innovation,Ongoing|Museum of History & Industry,Ongoing,Museums,Queen Anne / Seattle Center,15.6719272,121.0857257
Daniel Tiger’s Neighborhood,2/4/2024|The Paramount Theatre,2/4/2024,Theatre,Downtown,47.82057035,18.863271509638494
Pink Sweat$,2/24/2024|The Showbox,2/24/2024,Music,Downtown,47.5819462,19.0548965
Conrad Tao’s Playlist,3/1/2024 through 3/2/2024|Benaroya Hall,3/1/2024 through 3/2/2024,Music,Downtown,,
Beethoven Emperor Concerto,2/1/2024 through 2/4/2024|Benaroya Hall,2/1/2024 through 2/4/2024,Music,Downtown,,
Tim McGraw,3/29/2024|Climate Pledge Arena,3/29/2024,Music,Queen Anne / Seattle Center,49.3840843,18.6000893
Dale Chihuly at Tacoma Art Museum,Ongoing|Tacoma Art Museum,Ongoing,Museums,South,15.6719272,121.0857257
The Seasons’ Canon,4/12/2024 through 4/21/2024|Marion Oliver McCaw Hall,4/12/2024 through 4/21/2024,Dance,Queen Anne / Seattle Center,,
A Case for the Existence of God,2/2/2024 through 2/18/2024|ACT Theatre,2/2/2024 through 2/18/2024,Theatre,Downtown,,
Jamila Woods,2/1/2024|Neumos,2/1/2024,Music,Capitol Hill / Central District,47.037631950000005,28.899229096666765
Not Available,"with J. Brown, The Shindellas",share,Not Available,Not Available,8.8226416,4.974957
Erik Walters,2/2/2024|Barboza,2/2/2024,Music,Capitol Hill / Central District,15.1918243,120.583768
Not Available,Not Available,Not Available,Not Available,Not Available,26.673956,-80.128403
Apollo,Ongoing|The Museum of Flight,Ongoing,Museums,South Seattle,15.6719272,121.0857257
Humboldt Penguin Exhibit,Ongoing|Woodland Park Zoo,Ongoing,Museums,Wallingford / Greenlake,15.6719272,121.0857257
Not Available,Top Results,,Not Available,Not Available,,
TobyMac Hits Deep 2024,2/17/2024|accesso ShoWare Center,2/17/2024,Music,South,47.8464887,19.099136950000002
Not Available,Top Results,,Not Available,Not Available,,
Tacoma Stars vs. Empire Strykers,1/25/2024|accesso ShoWare Center,1/25/2024,Sports,South,49.3840843,18.6000893
Not Available,Top Results,,Not Available,Not Available,,
Catalyzing Change with Akuyea Karen Vargas,2/1/2024|Bainbridge Island Museum of Art,2/1/2024,Readings & Lectures,West,47.037631950000005,28.899229096666765
Celebrate Asia,1/28/2024|Benaroya Hall,1/28/2024,Music,Downtown,36.2027849,5.430848386663834
Our Material World,Ongoing|Burke Museum,Ongoing,Museums,University District,15.6719272,121.0857257
Festivals,Sensory-Friendly Programs,,Not Available,Not Available,,
History Link Tours,"Ongoing|Seattle, WA",Ongoing,Tours & Attractions,Downtown,15.6719272,121.0857257
Nordic Journeys,Ongoing|National Nordic Museum,Ongoing,Museums,Fremont / Ballard,15.6719272,121.0857257
Luis Miguel,4/4/2024|Climate Pledge Arena,4/4/2024,Music,Queen Anne / Seattle Center,46.9853315,28.8216175
Playboi Carti,2/28/2024|Climate Pledge Arena,2/28/2024,Music,Queen Anne / Seattle Center,47.5801092,19.0592475
Life on the Edge,Ongoing|Seattle Aquarium,Ongoing,Museums,Downtown,15.6719272,121.0857257
Shine On Seattle,1/30/2024 through 4/29/2024|Pioneer Square,1/30/2024 through 4/29/2024,Festivals & Special Events,Pioneer Square,,
Seattle Kraken vs. San Jose Sharks,4/11/2024|Climate Pledge Arena,4/11/2024,Sports,Queen Anne / Seattle Center,47.4908656,18.9525885
An Evening with Jinjoo Cho,4/19/2024|415 Westlake,4/19/2024,Music,Queen Anne / Seattle Center,49.3840843,18.6000893
Fat Ham,4/12/2024 through 5/12/2024|Seattle Rep,4/12/2024 through 5/12/2024,Theatre,Queen Anne / Seattle Center,,
Harlem Globetrotters,1/27/2024|Climate Pledge Arena,1/27/2024,Sports,Queen Anne / Seattle Center,-25.9579506,32.5619704
All Will Suffer,2/3/2024|Funhouse,2/3/2024,Music,Capitol Hill / Central District,47.7827245,19.125393278504678
JVNA,2/10/2024|The Showbox,2/10/2024,Music,Downtown,46.98492935,6.852323071619049
Not Available,with The Undercover Dream Lovers,share,Not Available,Not Available,8.8226416,4.974957
Tacoma Stars vs. Harrisburg Heat,3/1/2024|accesso ShoWare Center,3/1/2024,Sports,South,-26.1457423,27.984071
Not Available,With SOLOMON,share,Not Available,Not Available,8.8226416,4.974957
Mau P,2/3/2024|The Showbox,2/3/2024,Music,Downtown,47.7827245,19.125393278504678
Funky Friday with F2D,Now through 2/23/2024|Sea Monster Lounge,Now through 2/23/2024,Music,Wallingford / Greenlake,,
Not Available,Top Results,,Not Available,Not Available,,
Dar Williams,1/25/2024|The Neptune Theatre,1/25/2024,Music,University District,49.3840843,18.6000893
Cold War Kids – 20 Years Tour,2/3/2024|The Moore Theatre,2/3/2024,Music,Downtown,47.7827245,19.125393278504678
Not Available,"with DRAIN, Bearings and Higher Power",share,Not Available,Not Available,8.8226416,4.974957
Manazma Sheen,Ongoing|Sea Monster Lounge,Ongoing,Music,Wallingford / Greenlake,15.6719272,121.0857257
Not Available,Not Available,Not Available,Not Available,Not Available,26.673956,-80.128403
Madonna,2/17/2024 through 2/18/2024|Climate Pledge Arena,2/17/2024 through 2/18/2024,Music,Queen Anne / Seattle Center,,
Tacoma Stars vs. Empire Strykers,3/23/2024|accesso ShoWare Center,3/23/2024,Sports,South,49.3840843,18.6000893
Not Available,Top Results,,Not Available,Not Available,,
Olympic Sculpture Park,Ongoing|Olympic Sculpture Park,Ongoing,Visual Arts & Galleries,Downtown,15.6719272,121.0857257
Not Available,Top Results,,Not Available,Not Available,,
Not Available,Not Available,Not Available,Not Available,Not Available,26.673956,-80.128403
Joshua Bell Plays Elements Concerto,6/20/2024 through 6/22/2024|Benaroya Hall,6/20/2024 through 6/22/2024,Music,Downtown,,
The Cookers,2/20/2024 through 2/21/2024|Dimitriou's Jazz Alley,2/20/2024 through 2/21/2024,Music,Downtown,,
Nirvana: Taking Punk To the Masses,Ongoing|MoPOP Museum of Pop Culture,Ongoing,Museums,Queen Anne / Seattle Center,15.6719272,121.0857257
Not Available,Top Results,,Not Available,Not Available,,
Lee Ritenour and Dave Grusin,1/25/2024 through 1/28/2024|Dimitriou's Jazz Alley,1/25/2024 through 1/28/2024,Music,Downtown,,
BLACKSTAR SYMPHONY: The Music of David Bowie,2/23/2024|Benaroya Hall,2/23/2024,Music,Downtown,47.8460175,19.09874316108224
Mindi Abair Wine and Jazz Tour 2024,2/15/2024 through 2/18/2024|Dimitriou's Jazz Alley,2/15/2024 through 2/18/2024,Music,Downtown,,
Not Available,Not Available,Not Available,Not Available,Not Available,26.673956,-80.128403
G3- 25th Anniversary reunion,1/31/2024|The Moore Theatre,1/31/2024,Music,Downtown,48.933246,15.72334
Moontricks,2/9/2024|The Crocodile,2/9/2024,Music,Downtown,47.78185805,19.126043836708632
Not Available,Not Available,Not Available,Not Available,Not Available,26.673956,-80.128403
Girl From The North Country,6/25/2024 through 6/30/2024|The Paramount Theatre,6/25/2024 through 6/30/2024,Music,Downtown,,
Jon Batiste,2/17/2024|The Paramount Theatre,2/17/2024,Music,Downtown,47.8464887,19.099136950000002
Sound Check! The Music We Make,Now through 9/14/2024|Wing Luke Museum,Now through 9/14/2024,Museums,International District,,
Porcelain Room,Ongoing|Seattle Art Museum,Ongoing,Museums,Downtown,15.6719272,121.0857257
Poolside,2/2/2024|The Showbox,2/2/2024,Music,Downtown,15.1918243,120.583768
Seattle Chamber Music Winter Festival,1/26/2024 through 2/4/2024|Benaroya Hall,1/26/2024 through 2/4/2024,Music,Downtown,,
Something’s Afoot,3/1/2024 through 3/24/2024|The 5th Avenue Theatre,3/1/2024 through 3/24/2024,Theatre,Downtown,,
Adira Sharkey,1/29/2024|Tractor Tavern,1/29/2024,Music,Fremont / Ballard,12.7735862,101.0683973
University District Farmers Market,Ongoing|University District Farmers Market,Ongoing,Festivals & Special Events,University District,15.6719272,121.0857257
Blood Sweat  and Tears,2/8/2024 through 2/11/2024|Dimitriou's Jazz Alley,2/8/2024 through 2/11/2024,Music,Downtown,,
"Wild Blue Angel: Hendrix Abroad, 1966-70",Ongoing|MoPOP Museum of Pop Culture,Ongoing,Museums,Queen Anne / Seattle Center,15.6719272,121.0857257
Vietnam Divided: War Above Southeast Asia,Ongoing|The Museum of Flight,Ongoing,Museums,South Seattle,15.6719272,121.0857257
Beethoven Symphony No. 5,6/13/2024 through 6/15/2024|Benaroya Hall,6/13/2024 through 6/15/2024,Music,Downtown,,
Chihuly Garden and Glass Gallery Talks & Tours,Ongoing|Chihuly Garden and Glass,Ongoing,Tours & Attractions,Queen Anne / Seattle Center,15.6719272,121.0857257
Holding / Movement,3/8/2024|Benaroya Hall,3/8/2024,Music,Downtown,49.3840843,18.6000893
Hanako O’Leary: Izanami,Now through 1/28/2024|Frye Art Museum,Now through 1/28/2024,Museums,Capitol Hill / Central District,,
Ilana Glazer Live,2/8/2024|The Moore Theatre,2/8/2024,Theatre,Downtown,47.846262949999996,19.099619263592235
Not Available,"with Syd Gris, Chris Tower, Johnny Monsoon",share,Not Available,Not Available,8.8226416,4.974957
Not Available,Not Available,Not Available,Not Available,Not Available,26.673956,-80.128403
Not Available,Zae France,share,Not Available,Not Available,8.8226416,4.974957
A Tale of Peter Rabbit,4/25/2024 through 5/12/2024|Seattle Children's Theatre,4/25/2024 through 5/12/2024,Theatre,Queen Anne / Seattle Center,,
Fall Out Boy,3/1/2024|Climate Pledge Arena,3/1/2024,Readings & Lectures,Queen Anne / Seattle Center,-26.1457423,27.984071
Al Young’s 1970 Dodge Challenger Drag Racer,Now through 3/31/2024|Museum of History & Industry,Now through 3/31/2024,Museums,Queen Anne / Seattle Center,,
Ballard Farmers Market – Sunday,Ongoing|Ballard Farmers Market,Ongoing,Festivals & Special Events,Fremont / Ballard,15.6719272,121.0857257
Not Available,We value your support,Search for:,Not Available,Not Available,10.7469955,124.7963063
